tithi,start_time,end_time
Chaturdashi,2024-09-01 03:56:00,2024-09-02 05:37:00
Amavasya,2024-09-02 05:37:00,2024-09-03 07:40:00
Pratipada,2024-09-03 07:40:00,2024-09-04 10:02:00
Dwitiya,2024-09-04 10:02:00,2024-09-05 12:36:00
Tritiya,2024-09-05 12:36:00,2024-09-06 15:16:00
Chaturthi,2024-09-06 15:16:00,2024-09-07 17:52:00
Panchami,2024-09-07 17:52:00,2024-09-08 20:13:00
Shashthi,2024-09-08 20:13:00,2024-09-09 22:08:00
Saptami,2024-09-09 22:08:00,2024-09-10 23:27:00
Ashtami,2024-09-10 23:27:00,2024-09-12 00:02:00
Navami,2024-09-12 00:02:00,2024-09-12 23:48:00
Dashami,2024-09-12 23:48:00,2024-09-13 22:45:00
Ekadashi,2024-09-13 22:45:00,2024-09-14 20:56:00
Dwadashi,2024-09-14 20:56:00,2024-09-15 18:27:00
Trayodashi,2024-09-15 18:27:00,2024-09-16 15:25:00
Chaturdashi,2024-09-16 15:25:00,2024-09-17 11:59:00
Purnima,2024-09-17 11:59:00,2024-09-18 08:19:00
Pratipada,2024-09-18 08:19:00,2024-09-19 04:34:00
Dwitiya,2024-09-19 04:34:00,2024-09-20 00:55:00
Tritiya,2024-09-20 00:55:00,2024-09-20 21:30:00
Chaturthi,2024-09-20 21:30:00,2024-09-21 18:29:00
Panchami,2024-09-21 18:29:00,2024-09-22 15:58:00
Shashthi,2024-09-22 15:58:00,2024-09-23 14:05:00
Saptami,2024-09-23 14:05:00,2024-09-24 12:54:00
Ashtami,2024-09-24 12:54:00,2024-09-25 12:26:00
Navami,2024-09-25 12:26:00,2024-09-26 12:41:00
Dashami,2024-09-26 12:41:00,2024-09-27 13:35:00
Ekadashi,2024-09-27 13:35:00,2024-09-28 15:05:00
Dwadashi,2024-09-28 15:05:00,2024-09-29 17:03:00
Trayodashi,2024-09-29 17:03:00,2024-09-30 19:22:00
Chaturdashi,2024-09-30 19:22:00,2024-10-01 21:54:00
Dwadashi,2024-07-31 16:11:00,2024-08-01 15:44:00
Trayodashi,2024-08-01 15:44:00,2024-08-02 15:42:00
Chaturdashi,2024-08-02 15:42:00,2024-08-03 16:06:00
Amavasya,2024-08-03 16:06:00,2024-08-04 16:58:00
Pratipada,2024-08-04 16:58:00,2024-08-05 18:18:00
Dwitiya,2024-08-05 18:18:00,2024-08-06 20:07:00
Tritiya,2024-08-06 20:07:00,2024-08-07 22:21:00
Chaturthi,2024-08-07 22:21:00,2024-08-09 00:52:00
Panchami,2024-08-09 00:52:00,2024-08-10 03:29:00
Shashthi,2024-08-10 03:29:00,2024-08-11 06:00:00
Saptami,2024-08-11 06:00:00,2024-08-12 08:10:00
Ashtami,2024-08-12 08:10:00,2024-08-13 09:46:00
Navami,2024-08-13 09:46:00,2024-08-14 10:39:00
Dashami,2024-08-14 10:39:00,2024-08-15 10:42:00
Ekadashi,2024-08-15 10:42:00,2024-08-16 09:55:00
Dwadashi,2024-08-16 09:55:00,2024-08-17 08:21:00
Trayodashi,2024-08-17 08:21:00,2024-08-18 06:06:00
Chaturdashi,2024-08-18 06:06:00,2024-08-19 03:20:00
Purnima,2024-08-19 03:20:00,2024-08-20 00:10:00
Pratipada,2024-08-20 00:10:00,2024-08-20 20:48:00
Dwitiya,2024-08-20 20:48:00,2024-08-21 17:22:00
Tritiya,2024-08-21 17:22:00,2024-08-22 14:01:00
Chaturthi,2024-08-22 14:01:00,2024-08-23 10:54:00
Panchami,2024-08-23 10:54:00,2024-08-24 08:07:00
Shashthi,2024-08-24 08:07:00,2024-08-25 05:46:00
Saptami,2024-08-25 05:46:00,2024-08-26 03:54:00
Ashtami,2024-08-26 03:54:00,2024-08-27 02:35:00
Navami,2024-08-27 02:35:00,2024-08-28 01:48:00
Dashami,2024-08-28 01:48:00,2024-08-29 01:35:00
Ekadashi,2024-08-29 01:35:00,2024-08-30 01:52:00
Dwadashi,2024-08-30 01:53:00,2024-08-31 02:40:00
Trayodashi,2024-08-31 02:40:00,2024-09-01 03:56:00
Shashthi,2025-06-30 09:39:00,2025-07-01 10:36:00
Saptami,2025-07-01 10:36:00,2025-07-02 12:13:00
Ashtami,2025-07-02 12:14:00,2025-07-03 14:22:00
Navami,2025-07-03 14:22:00,2025-07-04 16:47:00
Dashami,2025-07-04 16:47:00,2025-07-05 19:14:00
Ekadashi,2025-07-05 19:14:00,2025-07-06 21:30:00
Dwadashi,2025-07-06 21:30:00,2025-07-07 23:25:00
Trayodashi,2025-07-07 23:25:00,2025-07-09 00:53:00
Chaturdashi,2025-07-09 00:53:00,2025-07-10 01:52:00
Purnima,2025-07-10 01:52:00,2025-07-11 02:21:00
Pratipada,2025-07-11 02:21:00,2025-07-12 02:23:00
Dwitiya,2025-07-12 02:23:00,2025-07-13 02:01:00
Tritiya,2025-07-13 02:01:00,2025-07-14 01:18:00
Chaturthi,2025-07-14 01:18:00,2025-07-15 00:15:00
Panchami,2025-07-15 00:15:00,2025-07-15 22:54:00
Shashthi,2025-07-15 22:54:00,2025-07-16 21:17:00
Saptami,2025-07-16 21:17:00,2025-07-17 19:24:00
Ashtami,2025-07-17 19:24:00,2025-07-18 17:17:00
Navami,2025-07-18 17:17:00,2025-07-19 14:57:00
Dashami,2025-07-19 14:57:00,2025-07-20 12:28:00
Ekadashi,2025-07-20 12:28:00,2025-07-21 09:54:00
Dwadashi,2025-07-21 09:54:00,2025-07-22 07:21:00
Trayodashi,2025-07-22 07:21:00,2025-07-23 04:55:00
Chaturdashi,2025-07-23 04:55:00,2025-07-24 02:44:00
Amavasya,2025-07-24 02:44:00,2025-07-25 00:56:00
Pratipada,2025-07-25 00:56:00,2025-07-25 23:38:00
Dwitiya,2025-07-25 23:38:00,2025-07-26 22:57:00
Tritiya,2025-07-26 22:57:00,2025-07-27 22:57:00
Chaturthi,2025-07-27 22:57:00,2025-07-28 23:39:00
Panchami,2025-07-28 23:39:00,2025-07-30 01:02:00
Shashthi,2025-07-30 01:02:00,2025-07-31 02:57:00
Saptami,2025-07-31 02:57:00,2025-08-01 05:13:00
Ashtami,2025-08-01 05:13:00,2025-08-02 07:38:00
Ekadashi,2025-11-30 21:44:00,2025-12-01 19:16:00
Dwadashi,2025-12-01 19:16:00,2025-12-02 16:12:00
Trayodashi,2025-12-02 16:12:00,2025-12-03 12:41:00
Chaturdashi,2025-12-03 12:41:00,2025-12-04 08:53:00
Purnima,2025-12-04 08:53:00,2025-12-05 04:59:00
Pratipada,2025-12-05 04:59:00,2025-12-06 01:11:00
Dwitiya,2025-12-06 01:11:00,2025-12-06 21:41:00
Tritiya,2025-12-06 21:41:00,2025-12-07 18:40:00
Chaturthi,2025-12-07 18:40:00,2025-12-08 16:18:00
Panchami,2025-12-08 16:18:00,2025-12-09 14:44:00
Shashthi,2025-12-09 14:44:00,2025-12-10 14:02:00
Saptami,2025-12-10 14:02:00,2025-12-11 14:12:00
Ashtami,2025-12-11 14:12:00,2025-12-12 15:12:00
Navami,2025-12-12 15:12:00,2025-12-13 16:53:00
Dashami,2025-12-13 16:53:00,2025-12-14 19:05:00
Ekadashi,2025-12-14 19:05:00,2025-12-15 21:35:00
Dwadashi,2025-12-15 21:35:00,2025-12-17 00:12:00
Trayodashi,2025-12-17 00:12:00,2025-12-18 02:48:00
Chaturdashi,2025-12-18 02:48:00,2025-12-19 05:14:00
Amavasya,2025-12-19 05:14:00,2025-12-20 07:28:00
Pratipada,2025-12-20 07:28:00,2025-12-21 09:26:00
Dwitiya,2025-12-21 09:26:00,2025-12-22 11:07:00
Tritiya,2025-12-22 11:07:00,2025-12-23 12:28:00
Chaturthi,2025-12-23 12:28:00,2025-12-24 13:26:00
Panchami,2025-12-24 13:26:00,2025-12-25 13:58:00
Shashthi,2025-12-25 13:58:00,2025-12-26 13:59:00
Saptami,2025-12-26 13:59:00,2025-12-27 13:25:00
Ashtami,2025-12-27 13:25:00,2025-12-28 12:15:00
Navami,2025-12-28 12:15:00,2025-12-29 10:27:00
Dashami,2025-12-29 10:27:00,2025-12-30 08:06:00
Ekadashi,2025-12-30 08:06:00,2025-12-31 05:16:00
Dwadashi,2025-12-31 05:16:00,2026-01-01 02:03:00
Trayodashi,2026-01-01 02:03:00,2026-01-01 22:37:00
Shashthi,2025-05-31 20:30:00,2025-06-01 20:15:00
Saptami,2025-06-01 20:15:00,2025-06-02 20:50:00
Ashtami,2025-06-02 20:50:00,2025-06-03 22:11:00
Navami,2025-06-03 22:11:00,2025-06-05 00:09:00
Dashami,2025-06-05 00:09:00,2025-06-06 02:31:00
Ekadashi,2025-06-06 02:31:00,2025-06-07 05:03:00
Dwadashi,2025-06-07 05:03:00,2025-06-08 07:33:00
Trayodashi,2025-06-08 07:33:00,2025-06-09 09:51:00
Chaturdashi,2025-06-09 09:51:00,2025-06-10 11:51:00
Purnima,2025-06-10 11:51:00,2025-06-11 13:28:00
Pratipada,2025-06-11 13:28:00,2025-06-12 14:43:00
Dwitiya,2025-06-12 14:43:00,2025-06-13 15:34:00
Tritiya,2025-06-13 15:34:00,2025-06-14 16:02:00
Chaturthi,2025-06-14 16:02:00,2025-06-15 16:06:00
Panchami,2025-06-15 16:06:00,2025-06-16 15:47:00
Shashthi,2025-06-16 15:47:00,2025-06-17 15:02:00
Saptami,2025-06-17 15:02:00,2025-06-18 13:50:00
Ashtami,2025-06-18 13:50:00,2025-06-19 12:11:00
Navami,2025-06-19 12:11:00,2025-06-20 10:04:00
Dashami,2025-06-20 10:04:00,2025-06-21 07:34:00
Ekadashi,2025-06-21 07:34:00,2025-06-22 04:43:00
Dwadashi,2025-06-22 04:43:00,2025-06-23 01:37:00
Trayodashi,2025-06-23 01:37:00,2025-06-23 22:25:00
Chaturdashi,2025-06-23 22:25:00,2025-06-24 19:14:00
Amavasya,2025-06-24 19:14:00,2025-06-25 16:16:00
Pratipada,2025-06-25 16:16:00,2025-06-26 13:40:00
Dwitiya,2025-06-26 13:40:00,2025-06-27 11:34:00
Tritiya,2025-06-27 11:34:00,2025-06-28 10:09:00
Chaturthi,2025-06-28 10:09:00,2025-06-29 09:30:00
Panchami,2025-06-29 09:30:00,2025-06-30 09:39:00
Navami,2025-09-30 18:21:00,2025-10-01 19:16:00
Dashami,2025-10-01 19:16:00,2025-10-02 19:26:00
Ekadashi,2025-10-02 19:26:00,2025-10-03 18:48:00
Dwadashi,2025-10-03 18:48:00,2025-10-04 17:24:00
Trayodashi,2025-10-04 17:24:00,2025-10-05 15:19:00
Chaturdashi,2025-10-05 15:19:00,2025-10-06 12:39:00
Purnima,2025-10-06 12:39:00,2025-10-07 09:32:00
Pratipada,2025-10-07 09:32:00,2025-10-08 06:08:00
Dwitiya,2025-10-08 06:08:00,2025-10-09 02:38:00
Tritiya,2025-10-09 02:38:00,2025-10-09 23:09:00
Chaturthi,2025-10-09 23:09:00,2025-10-10 19:53:00
Panchami,2025-10-10 19:53:00,2025-10-11 16:58:00
Shashthi,2025-10-11 16:59:00,2025-10-12 14:32:00
Saptami,2025-10-12 14:32:00,2025-10-13 12:39:00
Ashtami,2025-10-13 12:39:00,2025-10-14 11:25:00
Navami,2025-10-14 11:25:00,2025-10-15 10:49:00
Dashami,2025-10-15 10:49:00,2025-10-16 10:51:00
Ekadashi,2025-10-16 10:51:00,2025-10-17 11:27:00
Dwadashi,2025-10-17 11:27:00,2025-10-18 12:34:00
Trayodashi,2025-10-18 12:34:00,2025-10-19 14:07:00
Chaturdashi,2025-10-19 14:07:00,2025-10-20 16:00:00
Amavasya,2025-10-20 16:00:00,2025-10-21 18:10:00
Pratipada,2025-10-21 18:10:00,2025-10-22 20:32:00
Dwitiya,2025-10-22 20:32:00,2025-10-23 23:02:00
Tritiya,2025-10-23 23:02:00,2025-10-25 01:35:00
Chaturthi,2025-10-25 01:35:00,2025-10-26 04:03:00
Panchami,2025-10-26 04:03:00,2025-10-27 06:20:00
Shashthi,2025-10-27 06:20:00,2025-10-28 08:15:00
Saptami,2025-10-28 08:15:00,2025-10-29 09:38:00
Ashtami,2025-10-29 09:38:00,2025-10-30 10:21:00
Navami,2025-10-30 10:21:00,2025-10-31 10:19:00
Dashami,2025-10-31 10:19:00,2025-11-01 09:27:00
Ekadashi,2025-11-01 09:27:00,2025-11-02 07:47:00
Chaturthi,2025-04-01 05:57:00,2025-04-02 02:47:00
Panchami,2025-04-02 02:47:00,2025-04-03 00:05:00
Shashthi,2025-04-03 00:05:00,2025-04-03 21:56:00
Saptami,2025-04-03 21:56:00,2025-04-04 20:28:00
Ashtami,2025-04-04 20:28:00,2025-04-05 19:41:00
Navami,2025-04-05 19:41:00,2025-04-06 19:38:00
Dashami,2025-04-06 19:38:00,2025-04-07 20:15:00
Ekadashi,2025-04-07 20:15:00,2025-04-08 21:28:00
Dwadashi,2025-04-08 21:28:00,2025-04-09 23:10:00
Trayodashi,2025-04-09 23:10:00,2025-04-11 01:16:00
Chaturdashi,2025-04-11 01:16:00,2025-04-12 03:37:00
Purnima,2025-04-12 03:37:00,2025-04-13 06:07:00
Pratipada,2025-04-13 06:07:00,2025-04-14 08:40:00
Dwitiya,2025-04-14 08:40:00,2025-04-15 11:10:00
Tritiya,2025-04-15 11:10:00,2025-04-16 13:32:00
Chaturthi,2025-04-16 13:32:00,2025-04-17 15:38:00
Panchami,2025-04-17 15:38:00,2025-04-18 17:22:00
Shashthi,2025-04-18 17:22:00,2025-04-19 18:37:00
Saptami,2025-04-19 18:37:00,2025-04-20 19:16:00
Ashtami,2025-04-20 19:16:00,2025-04-21 19:14:00
Navami,2025-04-21 19:14:00,2025-04-22 18:28:00
Dashami,2025-04-22 18:28:00,2025-04-23 16:58:00
Ekadashi,2025-04-23 16:58:00,2025-04-24 14:47:00
Dwadashi,2025-04-24 14:47:00,2025-04-25 12:00:00
Trayodashi,2025-04-25 12:00:00,2025-04-26 08:43:00
Chaturdashi,2025-04-26 08:43:00,2025-04-27 05:05:00
Amavasya,2025-04-27 05:05:00,2025-04-28 01:16:00
Pratipada,2025-04-28 01:16:00,2025-04-28 21:26:00
Dwitiya,2025-04-28 21:26:00,2025-04-29 17:46:00
Tritiya,2025-04-29 17:46:00,2025-04-30 14:27:00
Chaturthi,2025-04-30 14:27:00,2025-05-01 11:39:00
Panchami,2025-05-01 11:39:00,2025-05-02 09:30:00
Shashthi,2025-05-02 09:30:00,2025-05-03 08:07:00
Saptami,2025-05-03 08:07:00,2025-05-04 07:34:00
Ashtami,2025-05-04 07:34:00,2025-05-05 07:51:00
Navami,2025-05-05 07:51:00,2025-05-06 08:54:00
Dashami,2025-05-06 08:54:00,2025-05-07 10:35:00
Ekadashi,2025-05-07 10:35:00,2025-05-08 12:44:00
Dwadashi,2025-05-08 12:44:00,2025-05-09 15:11:00
Trayodashi,2025-05-09 15:11:00,2025-05-10 17:45:00
Chaturdashi,2025-05-10 17:45:00,2025-05-11 20:17:00
Purnima,2025-05-11 20:17:00,2025-05-12 22:40:00
Pratipada,2025-05-12 22:40:00,2025-05-14 00:51:00
Dwitiya,2025-05-14 00:51:00,2025-05-15 02:44:00
Tritiya,2025-05-15 02:44:00,2025-05-16 04:18:00
Chaturthi,2025-05-16 04:18:00,2025-05-17 05:29:00
Panchami,2025-05-17 05:29:00,2025-05-18 06:13:00
Shashthi,2025-05-18 06:13:00,2025-05-19 06:27:00
Saptami,2025-05-19 06:27:00,2025-05-20 06:07:00
Ashtami,2025-05-20 06:07:00,2025-05-21 05:10:00
Navami,2025-05-21 05:10:00,2025-05-22 03:37:00
Dashami,2025-05-22 03:37:00,2025-05-23 01:27:00
Ekadashi,2025-05-23 01:27:00,2025-05-23 22:45:00
Dwadashi,2025-05-23 22:45:00,2025-05-24 19:35:00
Trayodashi,2025-05-24 19:35:00,2025-05-25 16:06:00
Chaturdashi,2025-05-25 16:06:00,2025-05-26 12:27:00
Amavasya,2025-05-26 12:27:00,2025-05-27 08:47:00
Pratipada,2025-05-27 08:47:00,2025-05-28 05:17:00
Dwitiya,2025-05-28 05:17:00,2025-05-29 02:09:00
Tritiya,2025-05-29 02:09:00,2025-05-29 23:33:00
Chaturthi,2025-05-29 23:33:00,2025-05-30 21:38:00
Panchami,2025-05-30 21:38:00,2025-05-31 20:30:00
Dwadashi,2025-11-02 07:47:00,2025-11-03 05:22:00
Trayodashi,2025-11-03 05:22:00,2025-11-04 02:21:00
Chaturdashi,2025-11-04 02:21:00,2025-11-04 22:51:00
Purnima,2025-11-04 22:51:00,2025-11-05 19:04:00
Pratipada,2025-11-05 19:04:00,2025-11-06 15:10:00
Dwitiya,2025-11-06 15:10:00,2025-11-07 11:20:00
Tritiya,2025-11-07 11:20:00,2025-11-08 07:47:00
Chaturthi,2025-11-08 07:47:00,2025-11-09 04:41:00
Panchami,2025-11-09 04:41:00,2025-11-10 02:10:00
Shashthi,2025-11-10 02:10:00,2025-11-11 00:23:00
Saptami,2025-11-11 00:23:00,2025-11-11 23:24:00
Ashtami,2025-11-11 23:24:00,2025-11-12 23:13:00
Navami,2025-11-12 23:13:00,2025-11-13 23:49:00
Dashami,2025-11-13 23:49:00,2025-11-15 01:05:00
Ekadashi,2025-11-15 01:05:00,2025-11-16 02:52:00
Dwadashi,2025-11-16 02:52:00,2025-11-17 05:03:00
Trayodashi,2025-11-17 05:03:00,2025-11-18 07:27:00
Chaturdashi,2025-11-18 07:27:00,2025-11-19 09:59:00
Amavasya,2025-11-19 09:59:00,2025-11-20 12:32:00
Pratipada,2025-11-20 12:32:00,2025-11-21 15:02:00
Dwitiya,2025-11-21 15:02:00,2025-11-22 17:26:00
Tritiya,2025-11-22 17:26:00,2025-11-23 19:40:00
Chaturthi,2025-11-23 19:40:00,2025-11-24 21:37:00
Panchami,2025-11-24 21:37:00,2025-11-25 23:12:00
Shashthi,2025-11-25 23:12:00,2025-11-27 00:17:00
Saptami,2025-11-27 00:17:00,2025-11-28 00:45:00
Ashtami,2025-11-28 00:45:00,2025-11-29 00:30:00
Navami,2025-11-29 00:30:00,2025-11-29 23:30:00
Dashami,2025-11-29 23:30:00,2025-11-30 21:44:00
Dwitiya,2025-01-01 03:37:00,2025-01-02 02:39:00
Tritiya,2025-01-02 02:39:00,2025-01-03 01:23:00
Chaturthi,2025-01-03 01:23:00,2025-01-03 23:55:00
Panchami,2025-01-03 23:55:00,2025-01-04 22:16:00
Shashthi,2025-01-04 22:16:00,2025-01-05 20:30:00
Saptami,2025-01-05 20:30:00,2025-01-06 18:39:00
Ashtami,2025-01-06 18:39:00,2025-01-07 16:42:00
Navami,2025-01-07 16:42:00,2025-01-08 14:41:00
Dashami,2025-01-08 14:41:00,2025-01-09 12:37:00
Ekadashi,2025-01-09 12:37:00,2025-01-10 10:35:00
Dwadashi,2025-01-10 10:35:00,2025-01-11 08:36:00
Trayodashi,2025-01-11 08:37:00,2025-01-12 06:49:00
Chaturdashi,2025-01-12 06:49:00,2025-01-13 05:18:00
Purnima,2025-01-13 05:18:00,2025-01-14 04:11:00
Pratipada,2025-01-14 04:11:00,2025-01-15 03:36:00
Dwitiya,2025-01-15 03:36:00,2025-01-16 03:38:00
Tritiya,2025-01-16 03:38:00,2025-01-17 04:21:00
Chaturthi,2025-01-17 04:21:00,2025-01-18 05:45:00
Panchami,2025-01-18 05:45:00,2025-01-19 07:46:00
Shashthi,2025-01-19 07:46:00,2025-01-20 10:14:00
Saptami,2025-01-20 10:14:00,2025-01-21 12:55:00
Ashtami,2025-01-21 12:55:00,2025-01-22 15:33:00
Navami,2025-01-22 15:33:00,2025-01-23 17:53:00
Dashami,2025-01-23 17:53:00,2025-01-24 19:40:00
Ekadashi,2025-01-24 19:40:00,2025-01-25 20:47:00
Dwadashi,2025-01-25 20:47:00,2025-01-26 21:10:00
Trayodashi,2025-01-26 21:10:00,2025-01-27 20:50:00
Chaturdashi,2025-01-27 20:50:00,2025-01-28 19:51:00
Amavasya,2025-01-28 19:51:00,2025-01-29 18:20:00
Pratipada,2025-01-29 18:20:00,2025-01-30 16:26:00
Dwitiya,2025-01-30 16:26:00,2025-01-31 14:14:00
Tritiya,2025-01-31 14:14:00,2025-02-01 11:53:00
Chaturthi,2025-02-01 11:53:00,2025-02-02 09:29:00
Panchami,2025-02-02 09:29:00,2025-02-03 07:08:00
Shashthi,2025-02-03 07:08:00,2025-02-04 04:52:00
Saptami,2025-02-04 04:52:00,2025-02-05 02:46:00
Ashtami,2025-02-05 02:46:00,2025-02-06 00:51:00
Navami,2025-02-06 00:51:00,2025-02-06 23:08:00
Dashami,2025-02-06 23:08:00,2025-02-07 21:41:00
Ekadashi,2025-02-07 21:41:00,2025-02-08 20:31:00
Dwadashi,2025-02-08 20:31:00,2025-02-09 19:40:00
Trayodashi,2025-02-09 19:40:00,2025-02-10 19:12:00
Chaturdashi,2025-02-10 19:12:00,2025-02-11 19:10:00
Purnima,2025-02-11 19:10:00,2025-02-12 19:38:00
Pratipada,2025-02-12 19:38:00,2025-02-13 20:37:00
Dwitiya,2025-02-13 20:37:00,2025-02-14 22:07:00
Tritiya,2025-02-14 22:07:00,2025-02-16 00:07:00
Chaturthi,2025-02-16 00:07:00,2025-02-17 02:31:00
Panchami,2025-02-17 02:31:00,2025-02-18 05:08:00
Shashthi,2025-02-18 05:08:00,2025-02-19 07:47:00
Saptami,2025-02-19 07:47:00,2025-02-20 10:13:00
Ashtami,2025-02-20 10:13:00,2025-02-21 12:13:00
Navami,2025-02-21 12:13:00,2025-02-22 13:34:00
Dashami,2025-02-22 13:34:00,2025-02-23 14:11:00
Ekadashi,2025-02-23 14:11:00,2025-02-24 14:00:00
Dwadashi,2025-02-24 14:00:00,2025-02-25 13:02:00
Trayodashi,2025-02-25 13:02:00,2025-02-26 11:23:00
Chaturdashi,2025-02-26 11:23:00,2025-02-27 09:10:00
Amavasya,2025-02-27 09:10:00,2025-02-28 06:29:00
Pratipada,2025-02-28 06:29:00,2025-03-01 03:31:00
Dwitiya,2025-03-01 03:31:00,2025-03-02 00:24:00
Tritiya,2025-03-02 00:24:00,2025-03-02 21:17:00
Chaturthi,2025-03-02 21:17:00,2025-03-03 18:17:00
Panchami,2025-03-03 18:17:00,2025-03-04 15:32:00
Shashthi,2025-03-04 15:32:00,2025-03-05 13:06:00
Saptami,2025-03-05 13:06:00,2025-03-06 11:06:00
Ashtami,2025-03-06 11:06:00,2025-03-07 09:34:00
Navami,2025-03-07 09:34:00,2025-03-08 08:31:00
Dashami,2025-03-08 08:31:00,2025-03-09 08:00:00
Ekadashi,2025-03-09 08:00:00,2025-03-10 08:00:00
Dwadashi,2025-03-10 08:00:00,2025-03-11 08:29:00
Trayodashi,2025-03-11 08:29:00,2025-03-12 09:27:00
Chaturdashi,2025-03-12 09:27:00,2025-03-13 10:51:00
Purnima,2025-03-13 10:51:00,2025-03-14 12:39:00
Pratipada,2025-03-14 12:39:00,2025-03-15 14:48:00
Dwitiya,2025-03-15 14:48:00,2025-03-16 17:13:00
Tritiya,2025-03-16 17:13:00,2025-03-17 19:48:00
Chaturthi,2025-03-17 19:48:00,2025-03-18 22:24:00
Panchami,2025-03-18 22:24:00,2025-03-20 00:52:00
Shashthi,2025-03-20 00:52:00,2025-03-21 03:00:00
Saptami,2025-03-21 03:00:00,2025-03-22 04:39:00
Ashtami,2025-03-22 04:39:00,2025-03-23 05:38:00
Navami,2025-03-23 05:38:00,2025-03-24 05:53:00
Dashami,2025-03-24 05:53:00,2025-03-25 05:20:00
Ekadashi,2025-03-25 05:20:00,2025-03-26 04:00:00
Dwadashi,2025-03-26 04:00:00,2025-03-27 01:58:00
Trayodashi,2025-03-27 01:58:00,2025-03-27 23:18:00
Chaturdashi,2025-03-27 23:18:00,2025-03-28 20:10:00
Amavasya,2025-03-28 20:10:00,2025-03-29 16:42:00
Pratipada,2025-03-29 16:42:00,2025-03-30 13:04:00
Dwitiya,2025-03-30 13:04:00,2025-03-31 09:26:00
Tritiya,2025-03-31 09:26:00,2025-04-01 05:57:00
Navami,2025-08-02 07:38:00,2025-08-03 09:57:00
Dashami,2025-08-03 09:57:00,2025-08-04 11:57:00
Ekadashi,2025-08-04 11:57:00,2025-08-05 13:27:00
Dwadashi,2025-08-05 13:27:00,2025-08-06 14:23:00
Trayodashi,2025-08-06 14:23:00,2025-08-07 14:43:00
Chaturdashi,2025-08-07 14:43:00,2025-08-08 14:27:00
Purnima,2025-08-08 14:27:00,2025-08-09 13:40:00
Pratipada,2025-08-09 13:40:00,2025-08-10 12:25:00
Dwitiya,2025-08-10 12:25:00,2025-08-11 10:49:00
Tritiya,2025-08-11 10:49:00,2025-08-12 08:56:00
Chaturthi,2025-08-12 08:56:00,2025-08-13 06:51:00
Panchami,2025-08-13 06:51:00,2025-08-14 04:39:00
Shashthi,2025-08-14 04:39:00,2025-08-15 02:22:00
Saptami,2025-08-15 02:22:00,2025-08-16 00:05:00
Ashtami,2025-08-16 00:05:00,2025-08-16 21:49:00
Navami,2025-08-16 21:50:00,2025-08-17 19:39:00
Dashami,2025-08-17 19:39:00,2025-08-18 17:37:00
Ekadashi,2025-08-18 17:37:00,2025-08-19 15:48:00
Dwadashi,2025-08-19 15:48:00,2025-08-20 14:14:00
Trayodashi,2025-08-20 14:14:00,2025-08-21 13:00:00
Chaturdashi,2025-08-21 13:00:00,2025-08-22 12:11:00
Amavasya,2025-08-22 12:11:00,2025-08-23 11:51:00
Pratipada,2025-08-23 11:51:00,2025-08-24 12:03:00
Dwitiya,2025-08-24 12:03:00,2025-08-25 12:50:00
Tritiya,2025-08-25 12:50:00,2025-08-26 14:10:00
Chaturthi,2025-08-26 14:10:00,2025-08-27 15:59:00
Panchami,2025-08-27 15:59:00,2025-08-28 18:12:00
Shashthi,2025-08-28 18:12:00,2025-08-29 20:37:00
Saptami,2025-08-29 20:37:00,2025-08-30 23:02:00
Ashtami,2025-08-30 23:02:00,2025-09-01 01:13:00
Navami,2025-09-01 01:13:00,2025-09-02 02:58:00
Dashami,2025-09-02 02:58:00,2025-09-03 04:08:00
Ekadashi,2025-09-03 04:08:00,2025-09-04 04:37:00
Dwadashi,2025-09-04 04:37:00,2025-09-05 04:23:00
Trayodashi,2025-09-05 04:23:00,2025-09-06 03:28:00
Chaturdashi,2025-09-06 03:28:00,2025-09-07 01:56:00
Purnima,2025-09-07 01:56:00,2025-09-07 23:53:00
Pratipada,2025-09-07 23:53:00,2025-09-08 21:27:00
Dwitiya,2025-09-08 21:27:00,2025-09-09 18:44:00
Tritiya,2025-09-09 18:44:00,2025-09-10 15:53:00
Chaturthi,2025-09-10 15:53:00,2025-09-11 13:00:00
Panchami,2025-09-11 13:01:00,2025-09-12 10:14:00
Shashthi,2025-09-12 10:14:00,2025-09-13 07:38:00
Saptami,2025-09-13 07:38:00,2025-09-14 05:19:00
Ashtami,2025-09-14 05:19:00,2025-09-15 03:21:00
Navami,2025-09-15 03:21:00,2025-09-16 01:46:00
Dashami,2025-09-16 01:46:00,2025-09-17 00:37:00
Ekadashi,2025-09-17 00:37:00,2025-09-17 23:55:00
Dwadashi,2025-09-17 23:55:00,2025-09-18 23:39:00
Trayodashi,2025-09-18 23:39:00,2025-09-19 23:52:00
Chaturdashi,2025-09-19 23:52:00,2025-09-21 00:32:00
Amavasya,2025-09-21 00:32:00,2025-09-22 01:39:00
Pratipada,2025-09-22 01:39:00,2025-09-23 03:11:00
Dwitiya,2025-09-23 03:11:00,2025-09-24 05:07:00
Tritiya,2025-09-24 05:07:00,2025-09-25 07:21:00
Chaturthi,2025-09-25 07:21:00,2025-09-26 09:48:00
Panchami,2025-09-26 09:48:00,2025-09-27 12:19:00
Shashthi,2025-09-27 12:19:00,2025-09-28 14:42:00
Saptami,2025-09-28 14:42:00,2025-09-29 16:47:00
Ashtami,2025-09-29 16:47:00,2025-09-30 18:21:00
Amavasya,2024-10-31 16:08:00,2024-11-01 18:32:00
Pratipada,2024-11-01 18:32:00,2024-11-02 20:37:00
Dwitiya,2024-11-02 20:37:00,2024-11-03 22:20:00
Tritiya,2024-11-03 22:20:00,2024-11-04 23:39:00
Chaturthi,2024-11-04 23:39:00,2024-11-06 00:32:00
Panchami,2024-11-06 00:32:00,2024-11-07 00:56:00
Shashthi,2024-11-07 00:56:00,2024-11-08 00:50:00
Saptami,2024-11-08 00:50:00,2024-11-09 00:11:00
Ashtami,2024-11-09 00:11:00,2024-11-09 23:00:00
Navami,2024-11-09 23:00:00,2024-11-10 21:16:00
Dashami,2024-11-10 21:16:00,2024-11-11 19:02:00
Ekadashi,2024-11-11 19:02:00,2024-11-12 16:20:00
Dwadashi,2024-11-12 16:20:00,2024-11-13 13:16:00
Trayodashi,2024-11-13 13:16:00,2024-11-14 09:58:00
Chaturdashi,2024-11-14 09:58:00,2024-11-15 06:34:00
Purnima,2024-11-15 06:34:00,2024-11-16 03:13:00
Pratipada,2024-11-16 03:13:00,2024-11-17 00:05:00
Dwitiya,2024-11-17 00:05:00,2024-11-17 21:21:00
Tritiya,2024-11-17 21:21:00,2024-11-18 19:11:00
Chaturthi,2024-11-18 19:11:00,2024-11-19 17:43:00
Panchami,2024-11-19 17:43:00,2024-11-20 17:04:00
Shashthi,2024-11-20 17:04:00,2024-11-21 17:18:00
Saptami,2024-11-21 17:18:00,2024-11-22 18:23:00
Ashtami,2024-11-22 18:23:00,2024-11-23 20:12:00
Navami,2024-11-23 20:12:00,2024-11-24 22:35:00
Dashami,2024-11-24 22:35:00,2024-11-26 01:17:00
Ekadashi,2024-11-26 01:17:00,2024-11-27 04:03:00
Dwadashi,2024-11-27 04:03:00,2024-11-28 06:39:00
Trayodashi,2024-11-28 06:39:00,2024-11-29 08:55:00
Chaturdashi,2024-11-29 08:55:00,2024-11-30 10:45:00
Amavasya,2024-11-30 10:45:00,2024-12-01 12:06:00
Pratipada,2024-12-01 12:06:00,2024-12-02 12:58:00
Amavasya,2024-10-01 21:54:00,2024-10-03 00:34:00
Pratipada,2024-10-03 00:34:00,2024-10-04 03:13:00
Dwitiya,2024-10-04 03:13:00,2024-10-05 05:46:00
Tritiya,2024-10-05 05:46:00,2024-10-06 08:04:00
Chaturthi,2024-10-06 08:04:00,2024-10-07 10:03:00
Panchami,2024-10-07 10:03:00,2024-10-08 11:33:00
Shashthi,2024-10-08 11:33:00,2024-10-09 12:29:00
Saptami,2024-10-09 12:29:00,2024-10-10 12:47:00
Ashtami,2024-10-10 12:47:00,2024-10-11 12:22:00
Navami,2024-10-11 12:22:00,2024-10-12 11:13:00
Dashami,2024-10-12 11:13:00,2024-10-13 09:24:00
Ekadashi,2024-10-13 09:24:00,2024-10-14 06:56:00
Dwadashi,2024-10-14 06:56:00,2024-10-15 03:57:00
Trayodashi,2024-10-15 03:57:00,2024-10-16 00:34:00
Chaturdashi,2024-10-16 00:34:00,2024-10-16 20:56:00
Purnima,2024-10-16 20:56:00,2024-10-17 17:11:00
Pratipada,2024-10-17 17:11:00,2024-10-18 13:30:00
Dwitiya,2024-10-18 13:30:00,2024-10-19 10:04:00
Tritiya,2024-10-19 10:04:00,2024-10-20 07:01:00
Chaturthi,2024-10-20 07:01:00,2024-10-21 04:32:00
Panchami,2024-10-21 04:32:00,2024-10-22 02:44:00
Shashthi,2024-10-22 02:44:00,2024-10-23 01:44:00
Saptami,2024-10-23 01:44:00,2024-10-24 01:34:00
Ashtami,2024-10-24 01:34:00,2024-10-25 02:13:00
Navami,2024-10-25 02:13:00,2024-10-26 03:38:00
Dashami,2024-10-26 03:38:00,2024-10-27 05:39:00
Ekadashi,2024-10-27 05:39:00,2024-10-28 08:06:00
Dwadashi,2024-10-28 08:06:00,2024-10-29 10:47:00
Trayodashi,2024-10-29 10:47:00,2024-10-30 13:30:00
Chaturdashi,2024-10-30 13:31:00,2024-10-31 16:08:00
Navami,2024-05-31 09:53:00,2024-06-01 07:39:00
Dashami,2024-06-01 07:39:00,2024-06-02 05:19:00
Ekadashi,2024-06-02 05:19:00,2024-06-03 02:56:00
Dwadashi,2024-06-03 02:56:00,2024-06-04 00:33:00
Trayodashi,2024-06-04 00:33:00,2024-06-04 22:16:00
Chaturdashi,2024-06-04 22:16:00,2024-06-05 20:10:00
Amavasya,2024-06-05 20:10:00,2024-06-06 18:22:00
Pratipada,2024-06-06 18:22:00,2024-06-07 17:00:00
Dwitiya,2024-06-07 17:00:00,2024-06-08 16:11:00
Tritiya,2024-06-08 16:11:00,2024-06-09 15:59:00
Chaturthi,2024-06-09 15:59:00,2024-06-10 16:30:00
Panchami,2024-06-10 16:30:00,2024-06-11 17:42:00
Shashthi,2024-06-11 17:42:00,2024-06-12 19:32:00
Saptami,2024-06-12 19:32:00,2024-06-13 21:48:00
Ashtami,2024-06-13 21:48:00,2024-06-15 00:19:00
Navami,2024-06-15 00:19:00,2024-06-16 02:47:00
Dashami,2024-06-16 02:47:00,2024-06-17 04:59:00
Ekadashi,2024-06-17 04:59:00,2024-06-18 06:40:00
Dwadashi,2024-06-18 06:40:00,2024-06-19 07:43:00
Trayodashi,2024-06-19 07:43:00,2024-06-20 08:05:00
Chaturdashi,2024-06-20 08:05:00,2024-06-21 07:47:00
Purnima,2024-06-21 07:47:00,2024-06-22 06:52:00
Pratipada,2024-06-22 06:52:00,2024-06-23 05:28:00
Dwitiya,2024-06-23 05:28:00,2024-06-24 03:41:00
Tritiya,2024-06-24 03:41:00,2024-06-25 01:38:00
Chaturthi,2024-06-25 01:38:00,2024-06-25 23:26:00
Panchami,2024-06-25 23:26:00,2024-06-26 21:10:00
Shashthi,2024-06-26 21:10:00,2024-06-27 18:55:00
Saptami,2024-06-27 18:55:00,2024-06-28 16:42:00
Ashtami,2024-06-28 16:42:00,2024-06-29 14:35:00
Navami,2024-06-29 14:35:00,2024-06-30 12:34:00
Dashami,2024-06-30 12:34:00,2024-07-01 10:41:00
Ekadashi,2024-07-01 10:41:00,2024-07-02 08:57:00
Dwitiya,2024-12-02 12:58:00,2024-12-03 13:24:00
Tritiya,2024-12-03 13:24:00,2024-12-04 13:25:00
Chaturthi,2024-12-04 13:25:00,2024-12-05 13:04:00
Panchami,2024-12-05 13:04:00,2024-12-06 12:23:00
Shashthi,2024-12-06 12:23:00,2024-12-07 11:21:00
Saptami,2024-12-07 11:21:00,2024-12-08 09:59:00
Ashtami,2024-12-08 09:59:00,2024-12-09 08:18:00
Navami,2024-12-09 08:18:00,2024-12-10 06:17:00
Dashami,2024-12-10 06:17:00,2024-12-11 03:58:00
Ekadashi,2024-12-11 03:58:00,2024-12-12 01:24:00
Dwadashi,2024-12-12 01:24:00,2024-12-12 22:41:00
Trayodashi,2024-12-12 22:41:00,2024-12-13 19:55:00
Chaturdashi,2024-12-13 19:55:00,2024-12-14 17:14:00
Purnima,2024-12-14 17:14:00,2024-12-15 14:46:00
Pratipada,2024-12-15 14:46:00,2024-12-16 12:42:00
Dwitiya,2024-12-16 12:42:00,2024-12-17 11:11:00
Tritiya,2024-12-17 11:11:00,2024-12-18 10:21:00
Chaturthi,2024-12-18 10:21:00,2024-12-19 10:18:00
Panchami,2024-12-19 10:18:00,2024-12-20 11:04:00
Shashthi,2024-12-20 11:04:00,2024-12-21 12:36:00
Saptami,2024-12-21 12:36:00,2024-12-22 14:47:00
Ashtami,2024-12-22 14:47:00,2024-12-23 17:23:00
Navami,2024-12-23 17:23:00,2024-12-24 20:07:00
Dashami,2024-12-24 20:07:00,2024-12-25 22:44:00
Ekadashi,2024-12-25 22:44:00,2024-12-27 00:59:00
Dwadashi,2024-12-27 00:59:00,2024-12-28 02:42:00
Trayodashi,2024-12-28 02:42:00,2024-12-29 03:48:00
Chaturdashi,2024-12-29 03:48:00,2024-12-30 04:17:00
Amavasya,2024-12-30 04:17:00,2024-12-31 04:11:00
Pratipada,2024-12-31 04:11:00,2025-01-01 03:37:00
Dwadashi,2024-07-02 08:57:00,2024-07-03 07:25:00
Trayodashi,2024-07-03 07:25:00,2024-07-04 06:09:00
Chaturdashi,2024-07-04 06:09:00,2024-07-05 05:13:00
Amavasya,2024-07-05 05:13:00,2024-07-06 04:42:00
Pratipada,2024-07-06 04:42:00,2024-07-07 04:41:00
Dwitiya,2024-07-07 04:41:00,2024-07-08 05:14:00
Tritiya,2024-07-08 05:14:00,2024-07-09 06:24:00
Chaturthi,2024-07-09 06:24:00,2024-07-10 08:07:00
Panchami,2024-07-10 08:07:00,2024-07-11 10:19:00
Shashthi,2024-07-11 10:19:00,2024-07-12 12:48:00
Saptami,2024-07-12 12:48:00,2024-07-13 15:21:00
Ashtami,2024-07-13 15:21:00,2024-07-14 17:41:00
Navami,2024-07-14 17:41:00,2024-07-15 19:34:00
Dashami,2024-07-15 19:34:00,2024-07-16 20:49:00
Ekadashi,2024-07-16 20:49:00,2024-07-17 21:18:00
Dwadashi,2024-07-17 21:18:00,2024-07-18 20:59:00
Trayodashi,2024-07-18 20:59:00,2024-07-19 19:56:00
Chaturdashi,2024-07-19 19:56:00,2024-07-20 18:14:00
Purnima,2024-07-20 18:14:00,2024-07-21 16:02:00
Pratipada,2024-07-21 16:02:00,2024-07-22 13:27:00
Dwitiya,2024-07-22 13:27:00,2024-07-23 10:38:00
Tritiya,2024-07-23 10:38:00,2024-07-24 07:45:00
Chaturthi,2024-07-24 07:45:00,2024-07-25 04:55:00
Panchami,2024-07-25 04:55:00,2024-07-26 02:13:00
Shashthi,2024-07-26 02:13:00,2024-07-26 23:45:00
Saptami,2024-07-26 23:45:00,2024-07-27 21:34:00
Ashtami,2024-07-27 21:34:00,2024-07-28 19:43:00
Navami,2024-07-28 19:43:00,2024-07-29 18:11:00
Dashami,2024-07-29 18:11:00,2024-07-30 17:00:00
Ekadashi,2024-07-30 17:00:00,2024-07-31 16:11:00
